[
    {
        "model": "modules.module", 
        "pk": "08b5ad71-5d8a-4fc0-a54b-e39d42638aef", 
        "fields": 
            {
                "position": 999999, 
                "date_created": "2021-04-06T10:40:24.107Z", 
                "date_published": "2021-04-06T10:40:24.105Z", 
                "date_expired": null, 
                "date_updated": "2021-04-13T13:18:48.412Z", 
                "date_deleted": null, 
                "active": true, 
                "author": null, 
                "edited_by": null, 
                "deletable": true, 
                "urlpicker": false, 
                "is_superuser": true, 
                "appname": "blocks", 
                "name": "Blocks", 
                "name_nl": "Blocks", 
                "name_en": null, 
                "name_fr": null, 
                "route": "overviewblocks", 
                "models": "Block", 
                "slug": "blocks", 
                "slug_nl": "blocks", 
                "slug_en": "blocks", 
                "slug_fr": "blocks"
            }
    }, 
    {
        "model": "modules.module", 
        "pk": "11d3a18f-681f-4d8c-9df5-a64b5989c608", 
        "fields": 
            {
                "position": 3, 
                "date_created": "2021-04-01T10:48:32.430Z", 
                "date_published": "2021-04-01T10:48:32.429Z", 
                "date_expired": null, 
                "date_updated": "2021-04-05T18:27:44.030Z", 
                "date_deleted": null, 
                "active": true, 
                "author": null, 
                "edited_by": null, 
                "deletable": true, 
                "urlpicker": false, 
                "is_superuser": false, 
                "appname": "data", 
                "name": "Export", 
                "name_nl": "Export", 
                "name_en": null, 
                "name_fr": null, 
                "route": "overviewexport", 
                "models": null, 
                "slug": "export", 
                "slug_nl": "export", 
                "slug_en": "export", 
                "slug_fr": "export"
            }
    }, 
    {
        "model": "modules.module", 
        "pk": "1edbb876-f1e9-4f24-8fc7-2a3530c5bc02", 
        "fields": 
            {
                "position": 2, 
                "date_created": "2021-04-02T08:17:00.933Z", 
                "date_published": "2021-04-02T08:17:00.931Z", 
                "date_expired": null, 
                "date_updated": "2021-04-05T18:27:44.026Z", 
                "date_deleted": null, 
                "active": true, 
                "author": null, 
                "edited_by": null, 
                "deletable": true, 
                "urlpicker": false, 
                "is_superuser": false, 
                "appname": "conf", 
                "name": "Configuratie", 
                "name_nl": "Configuratie", 
                "name_en": null, 
                "name_fr": null, 
                "route": "overviewconf", 
                "models": "Configuration", 
                "slug": "configuratie", 
                "slug_nl": "configuratie", 
                "slug_en": "configuratie", 
                "slug_fr": "configuratie"
            }
    }, 
    {
        "model": "modules.module", 
        "pk": "278d4949-81dd-4855-b413-c9408c0b19e5", 
        "fields": 
            {
                "position": 1, 
                "date_created": "2021-04-01T10:39:29.544Z", 
                "date_published": "2021-04-01T10:39:29.543Z", 
                "date_expired": null, 
                "date_updated": "2021-04-05T18:27:44.013Z", 
                "date_deleted": null, 
                "active": true, 
                "author": null, 
                "edited_by": null, 
                "deletable": true, 
                "urlpicker": false, 
                "is_superuser": false, 
                "appname": "translation", 
                "name": "Vertalingen", 
                "name_nl": "Vertalingen", 
                "name_en": null, 
                "name_fr": null, 
                "route": "index-translation", 
                "models": "TranslationEntry", 
                "slug": "vertalingen", 
                "slug_nl": "vertalingen", 
                "slug_en": "vertalingen", 
                "slug_fr": "vertalingen"
            }
    }, 
    {
        "model": "modules.module", 
        "pk": "3051dd42-193c-4838-8ed2-9218161d48fb", 
        "fields": 
            {
                "position": 999999, 
                "date_created": "2021-04-08T10:45:04.108Z", 
                "date_published": "2021-04-08T10:45:04.107Z", 
                "date_expired": null, 
                "date_updated": "2021-04-08T11:25:17.057Z", 
                "date_deleted": null, 
                "active": true, 
                "author": null, 
                "edited_by": null, 
                "deletable": true, 
                "urlpicker": false, 
                "is_superuser": false, 
                "appname": "mail", 
                "name": "Mail", 
                "name_nl": "Mail", 
                "name_en": null, 
                "name_fr": null, 
                "route": "overviewmailconfig", 
                "models": "MailConfig", 
                "slug": "mail", 
                "slug_nl": "mail", 
                "slug_en": "mail", 
                "slug_fr": "mail"
            }
    }, 
    {
        "model": "modules.module", 
        "pk": "34c3df6c-bd86-41ac-8b3b-9d380bbddfbd", 
        "fields": 
            {
                "position": 5, 
                "date_created": "2021-04-05T10:53:33.378Z", 
                "date_published": "2021-04-05T10:53:33.375Z", 
                "date_expired": null, 
                "date_updated": "2021-04-06T20:32:59.912Z", 
                "date_deleted": null, 
                "active": true, 
                "author": null, 
                "edited_by": null, 
                "deletable": true, 
                "urlpicker": true, 
                "is_superuser": false, 
                "appname": "news", 
                "name": "News", 
                "name_nl": "News", 
                "name_en": null, 
                "name_fr": null, 
                "route": "overviewarticle", 
                "models": "Article", 
                "slug": "news", 
                "slug_nl": "news", 
                "slug_en": "news", 
                "slug_fr": "news"
            }
    }, 
    {
        "model": "modules.module", 
        "pk": "43ba865f-dc00-45b1-bb9a-8178182344f9", 
        "fields": 
            {
                "position": 6, 
                "date_created": "2021-04-01T10:34:03.336Z", 
                "date_published": "2021-04-01T10:34:03.331Z", 
                "date_expired": null, 
                "date_updated": "2021-04-13T13:18:21.677Z", 
                "date_deleted": null, 
                "active": true, 
                "author": null, 
                "edited_by": null, 
                "deletable": true, 
                "urlpicker": false, 
                "is_superuser": true, 
                "appname": "modules", 
                "name": "Tab", 
                "name_nl": "Tab", 
                "name_en": null, 
                "name_fr": null, 
                "route": "overviewtab", 
                "models": "Tab", 
                "slug": "tab", 
                "slug_nl": "tab", 
                "slug_en": "tab", 
                "slug_fr": "tab"
            }
    }, 
    {
        "model": "modules.module", 
        "pk": "4521ec43-53d6-40e6-985a-c4935964865f", 
        "fields": 
            {
                "position": 999999, 
                "date_created": "2021-04-09T08:45:56.669Z", 
                "date_published": "2021-04-09T08:45:56.668Z", 
                "date_expired": null, 
                "date_updated": "2021-04-09T08:47:34.572Z", 
                "date_deleted": null, "active": true, 
                "author": null, 
                "edited_by": null, 
                "deletable": true, 
                "urlpicker": false, 
                "is_superuser": false, 
                "appname": "formbuilder", 
                "name": "Formulieren", 
                "name_nl": "Formulieren", 
                "name_en": null, 
                "name_fr": null, 
                "route": "overviewform", 
                "models": "Form", 
                "slug": "formulieren", 
                "slug_nl": "formulieren", 
                "slug_en": "formulieren", 
                "slug_fr": "formulieren"
            }
    }, 
    {
        "model": "modules.module", 
        "pk": "88d1f0e1-d407-46d3-b30d-dce802bf2801", 
        "fields": 
            {
                "position": 7, 
                "date_created": "2021-04-01T10:49:11.561Z", 
                "date_published": "2021-04-01T10:49:11.560Z", 
                "date_expired": null, 
                "date_updated": "2021-04-05T18:27:44.050Z", 
                "date_deleted": null, 
                "active": true, 
                "author": null, 
                "edited_by": null, 
                "deletable": true, 
                "urlpicker": false, 
                "is_superuser": false, 
                "appname": "data", 
                "name": "Import", 
                "name_nl": "Import", 
                "name_en": null, 
                "name_fr": null, 
                "route": "overviewimport", 
                "models": null, 
                "slug": "import", 
                "slug_nl": "import", 
                "slug_en": "import", 
                "slug_fr": "import"
            }
    }, 
    {
        "model": "modules.module", 
        "pk": "a33e8cb6-f237-4da5-a05a-109978ef5b1f", 
        "fields": 
            {
                "position": 8, 
                "date_created": "2021-04-01T10:46:48.810Z", 
                "date_published": "2021-04-01T10:46:48.809Z", 
                "date_expired": null, 
                "date_updated": "2021-04-05T18:27:44.056Z", 
                "date_deleted": null, 
                "active": true, 
                "author": null, 
                "edited_by": null, 
                "deletable": true, 
                "urlpicker": false, 
                "is_superuser": false, 
                "appname": "filemanager", 
                "name": "Filemanager", 
                "name_nl": "Filemanager", 
                "name_en": null, 
                "name_fr": null, 
                "route": "media-document-index", 
                "models": "Media", 
                "slug": "filemanager", 
                "slug_nl": "filemanager", 
                "slug_en": "filemanager", 
                "slug_fr": "filemanager"
            }
    }, 
    {
        "model": "modules.module", 
        "pk": "a47834a5-9747-4fd4-a7b6-0ed997340034", 
        "fields": 
            {
                "position": 9, 
                "date_created": "2021-04-02T15:16:56.860Z", 
                "date_published": "2021-04-02T15:16:56.858Z", 
                "date_expired": null, 
                "date_updated": "2021-04-05T18:27:44.062Z", 
                "date_deleted": null, 
                "active": true, 
                "author": null, 
                "edited_by": null, 
                "deletable": true, 
                "urlpicker": false, 
                "is_superuser": false, 
                "appname": "dashboard", 
                "name": "Dashboard configuration", 
                "name_nl": "Dashboard configuration", 
                "name_en": null, 
                "name_fr": null, 
                "route": "overviewdashboard", 
                "models": "DashboardConfiguration", 
                "slug": "dashboard-configuration", 
                "slug_nl": "dashboard-configuration", 
                "slug_en": "dashboard-configuration", 
                "slug_fr": "dashboard-configuration"
            }
    }, 
    {
        "model": "modules.module", 
        "pk": "ab7ba89c-64a4-4f6d-860f-4546e1e4445f", 
        "fields": 
            {
                "position": 10, 
                "date_created": "2021-04-01T10:37:18.291Z", 
                "date_published": "2021-04-01T10:37:18.289Z", 
                "date_expired": null, 
                "date_updated": "2021-04-05T18:27:44.066Z", 
                "date_deleted": null, 
                "active": true, 
                "author": null, 
                "edited_by": null, 
                "deletable": true, 
                "urlpicker": false, 
                "is_superuser": false, 
                "appname": "User", 
                "name": "Gebruiker", 
                "name_nl": "Gebruiker", 
                "name_en": null, 
                "name_fr": null, 
                "route": "overviewuser", 
                "models": "User", 
                "slug": "gebruiker", 
                "slug_nl": "gebruiker", 
                "slug_en": "gebruiker", 
                "slug_fr": "gebruiker"
            }
    }, 
    {
        "model": "modules.module", 
        "pk": "b9ee2aee-a60f-4b93-9d36-d2bb28d6ae9b", 
        "fields": 
            {
                "position": 4, 
                "date_created": "2021-04-01T10:45:15.806Z",
                "date_published": "2021-04-01T10:45:15.805Z", 
                "date_expired": null, 
                "date_updated": "2021-04-06T20:33:07.167Z", 
                "date_deleted": null, 
                "active": true, 
                "author": null, 
                "edited_by": null, 
                "deletable": true, 
                "urlpicker": true, 
                "is_superuser": false, 
                "appname": "pages", 
                "name": "Pages", 
                "name_nl": "Pages", 
                "name_en": null, 
                "name_fr": null, 
                "route": "overviewpage", 
                "models": "Page", 
                "slug": "pages", 
                "slug_nl": "pages", 
                "slug_en": "pages", 
                "slug_fr": "pages"
            }
    }, 
    {
        "model": "modules.module", 
        "pk": "dbebaa93-a915-4a2d-adc2-49c869a4120d", 
        "fields": 
            {
                "position": 11, 
                "date_created": "2021-04-01T10:38:07.382Z", 
                "date_published": "2021-04-01T10:38:07.380Z", 
                "date_expired": null, 
                "date_updated": "2021-04-05T18:27:44.071Z", 
                "date_deleted": null, 
                "active": true, 
                "author": null, 
                "edited_by": null, 
                "deletable": true, 
                "urlpicker": false, 
                "is_superuser": false, 
                "appname": "user", 
                "name": "Gebruikersgroep", 
                "name_nl": "Gebruikersgroep", 
                "name_en": null, 
                "name_fr": null, 
                "route": "overviewgroup", 
                "models": "Group", 
                "slug": "gebruikersgroep", 
                "slug_nl": "gebruikersgroep", 
                "slug_en": "gebruikersgroep", 
                "slug_fr": "gebruikersgroep"
            }
    }, 
    {
        "model": "modules.module", 
        "pk": "e60c4322-e651-4ae4-a307-f97ddc09aa30", 
        "fields": 
            {
                "position": 999999, 
                "date_created": "2021-04-08T09:23:43.194Z", 
                "date_published": "2021-04-08T09:23:43.192Z", 
                "date_expired": null, 
                "date_updated": "2021-04-13T13:19:06.133Z", 
                "date_deleted": null, 
                "active": true, 
                "author": null, 
                "edited_by": null, 
                "deletable": true, 
                "urlpicker": false, 
                "is_superuser": true, 
                "appname": "logs", 
                "name": "Logs", 
                "name_nl": "Logs", 
                "name_en": null, 
                "name_fr": null, 
                "route": "overviewlogs", 
                "models": "MessageLog", 
                "slug": "logs", 
                "slug_nl": "logs", 
                "slug_en": "logs", 
                "slug_fr": "logs"
            }
    }, 
    {
        "model": "modules.module", 
        "pk": "ebc78ee7-29ce-48dd-80b6-f4dfb516a641", 
        "fields": 
            {
                "position": 12, 
                "date_created": "2021-04-01T10:34:47.307Z", 
                "date_published": "2021-04-01T10:34:47.302Z", 
                "date_expired": null, 
                "date_updated": "2021-04-13T13:18:40.004Z", 
                "date_deleted": null, 
                "active": true, 
                "author": null, 
                "edited_by": null, 
                "deletable": true, 
                "urlpicker": false, 
                "is_superuser": true, 
                "appname": "modules", 
                "name": "Modules", 
                "name_nl": "Modules", 
                "name_en": null, 
                "name_fr": null, 
                "route": "overviewmodules", 
                "models": "Module", 
                "slug": "modules", 
                "slug_nl": "modules", 
                "slug_en": "modules", 
                "slug_fr": "modules"
            }
    }, 
    {
        "model": "modules.modulepage", 
        "pk": "17493dbc-29ef-405a-a790-58f23e97cc63", 
        "fields": 
            {
                "date_created": "2021-04-05T10:53:33.454Z", 
                "date_published": "2021-04-05T10:53:33.453Z", 
                "date_expired": null, 
                "date_updated": "2021-04-05T10:53:33.454Z", 
                "date_deleted": null, 
                "active": true, 
                "author": null, 
                "edited_by": null, 
                "deletable": true, 
                "module": "34c3df6c-bd86-41ac-8b3b-9d380bbddfbd", 
                "name": "Overview", 
                "name_nl": "Overview", 
                "name_en": null, 
                "name_fr": null, 
                "route": "overviewarticle", 
                "show_nav": true
            }
    }, 
    {
        "model": "modules.modulepage", 
        "pk": "1bdbeb6d-0bed-4700-8968-f9c54f5472cc", 
        "fields": 
            {
                "date_created": "2021-04-08T10:45:04.166Z", 
                "date_published": "2021-04-08T10:45:04.166Z", 
                "date_expired": null, 
                "date_updated": "2021-04-08T10:45:04.166Z", 
                "date_deleted": null, 
                "active": false, 
                "author": null, 
                "edited_by": null, 
                "deletable": true, 
                "module": "3051dd42-193c-4838-8ed2-9218161d48fb", 
                "name": "Overview config", 
                "name_nl": "Overview config", 
                "name_en": null, 
                "name_fr": null, 
                "route": "overviewmailconfig", 
                "show_nav": true
            }
    }, 
    {
        "model": "modules.modulepage", 
        "pk": "1f5d150e-0cb4-47fe-8b55-b690dd04ffa0", 
        "fields": 
            {
                "date_created": "2021-04-06T10:40:24.168Z", 
                "date_published": "2021-04-06T10:40:24.168Z", 
                "date_expired": null, 
                "date_updated": "2021-04-06T10:40:24.168Z", 
                "date_deleted": null, 
                "active": false, 
                "author": null, 
                "edited_by": null, 
                "deletable": true, 
                "module": "08b5ad71-5d8a-4fc0-a54b-e39d42638aef", 
                "name": "Overview", 
                "name_nl": "Overview", 
                "name_en": null, 
                "name_fr": null, 
                "route": "overviewblocks", 
                "show_nav": true
            }
    }, 
    {
        "model": "modules.modulepage", 
        "pk": "24d53998-fab1-4a89-a550-4426a39f9b15", 
        "fields": 
            {
                "date_created": "2021-04-09T08:45:56.688Z", 
                "date_published": "2021-04-09T08:45:56.688Z", 
                "date_expired": null, 
                "date_updated": "2021-04-09T08:47:19.166Z", 
                "date_deleted": "2021-04-09T08:47:19.166Z", 
                "active": false, "author": null, 
                "edited_by": null, 
                "deletable": true, 
                "module": "4521ec43-53d6-40e6-985a-c4935964865f", 
                "name": "Add", 
                "name_nl": "Add", 
                "name_en": null, 
                "name_fr": null, 
                "route": "addform", 
                "show_nav": true
            }
    },
    {
        "model": "modules.tab", 
        "pk": "3a855fa5-52c0-4508-93f7-90562b7ff18d", 
        "fields": 
            {
                "position": 3, 
                "date_created": "2021-04-01T08:36:04.815Z", 
                "date_published": "2021-04-01T08:36:04.814Z", 
                "date_expired": null, 
                "date_updated": "2021-04-01T10:49:35.816Z", 
                "date_deleted": null, 
                "active": true, 
                "author": null, 
                "edited_by": null, 
                "deletable": true, 
                "name": "Data", 
                "name_nl": "Data", 
                "name_en": null, 
                "name_fr": null, 
                "slug": "data", 
                "slug_nl": "data", 
                "slug_en": "data", 
                "slug_fr": "data", 
                "icon": 85, 
                "modules": ["11d3a18f-681f-4d8c-9df5-a64b5989c608", "88d1f0e1-d407-46d3-b30d-dce802bf2801"]
            }
    }, 
    {
        "model": "modules.tab", 
        "pk": "3d37ad80-c0fc-443e-a2e1-71fa6aebe5b5", 
        "fields": 
            {
                "position": 2, 
                "date_created": "2021-04-01T08:33:41.280Z", 
                "date_published": "2021-04-01T08:33:41.278Z", 
                "date_expired": null, 
                "date_updated": "2021-04-08T09:25:07.189Z", 
                "date_deleted": null, 
                "active": true, 
                "author": null, 
                "edited_by": null, 
                "deletable": true, 
                "name": "Modules", 
                "name_nl": "Modules", 
                "name_en": null, 
                "name_fr": null, 
                "slug": "modules", 
                "slug_nl": "modules", 
                "slug_en": "modules", 
                "slug_fr": "modules", 
                "icon": 146, 
                "modules": ["1edbb876-f1e9-4f24-8fc7-2a3530c5bc02", "43ba865f-dc00-45b1-bb9a-8178182344f9", "a47834a5-9747-4fd4-a7b6-0ed997340034", "ebc78ee7-29ce-48dd-80b6-f4dfb516a641", "e60c4322-e651-4ae4-a307-f97ddc09aa30", "08b5ad71-5d8a-4fc0-a54b-e39d42638aef"]
            }
    }, 
    {
        "model": "modules.tab", 
        "pk": "c6c4669d-2fc9-47b7-b0ce-858bf6f07d87", 
        "fields": 
            {
                "position": 999999, 
                "date_created": "2021-04-01T10:35:52.714Z", 
                "date_published": "2021-04-01T10:35:52.711Z", 
                "date_expired": null, 
                "date_updated": "2021-04-01T10:38:22.992Z", 
                "date_deleted": null, 
                "active": true, 
                "author": null, 
                "edited_by": null, 
                "deletable": true, 
                "name": "Gebruikers", 
                "name_nl": "Gebruikers", 
                "name_en": null, 
                "name_fr": null, 
                "slug": "gebruikers", 
                "slug_nl": "gebruikers", 
                "slug_en": "gebruikers", 
                "slug_fr": "gebruikers", 
                "icon": 267, 
                "modules": ["ab7ba89c-64a4-4f6d-860f-4546e1e4445f", "dbebaa93-a915-4a2d-adc2-49c869a4120d"]
            }
    }, 
    {
        "model": "modules.tab", 
        "pk": "e57a722e-aacd-46c2-abb9-4a911c7c5fe1", 
        "fields": 
            {
                "position": 1, 
                "date_created": "2021-04-01T08:20:54.654Z", 
                "date_published": "2021-04-01T08:20:54.653Z", 
                "date_expired": null, 
                "date_updated": "2021-04-24T18:50:14.386Z", 
                "date_deleted": null, 
                "active": true, 
                "author": null, 
                "edited_by": null, 
                "deletable": true, 
                "name": "Inhoud", 
                "name_nl": "Inhoud", 
                "name_en": null, 
                "name_fr": null, 
                "slug": "inhoud", 
                "slug_nl": "inhoud", 
                "slug_en": "inhoud", 
                "slug_fr": "inhoud", 
                "icon": 6, 
                "modules": ["278d4949-81dd-4855-b413-c9408c0b19e5", "b9ee2aee-a60f-4b93-9d36-d2bb28d6ae9b", "582a0677-9c28-420a-b59e-08e1e6d1ae6c", "4521ec43-53d6-40e6-985a-c4935964865f", "3051dd42-193c-4838-8ed2-9218161d48fb", "2246901a-c808-45e8-b59e-ad0e3a2ebfe4", "cb86d3e4-1ef4-4124-a9d5-45b37dc938d6"]
            }
    }, 
    {
        "model": "modules.tab", 
        "pk": "fa48e115-e748-499e-8597-4bb144212afe", 
        "fields": 
            {
                "position": 4, 
                "date_created": "2021-04-01T08:35:19.501Z", 
                "date_published": "2021-04-01T08:35:19.499Z", 
                "date_expired": null, 
                "date_updated": "2021-04-01T10:47:01.351Z", 
                "date_deleted": null, 
                "active": true, 
                "author": null, 
                "edited_by": null, 
                "deletable": true, 
                "name": "Media", 
                "name_nl": "Media", 
                "name_en": null, 
                "name_fr": null, 
                "slug": "media", 
                "slug_nl": "media", 
                "slug_en": "media", 
                "slug_fr": "media", 
                "icon": 109, 
                "modules": ["a33e8cb6-f237-4da5-a05a-109978ef5b1f"]
            }
    },
     {
        "model":"modules.modulepage",
        "pk":"17493dbc-29ef-405a-a790-58f23e97cc63",
        "fields":{
           "date_created":"2021-04-05T10:53:33.454Z",
           "date_published":"2021-04-05T10:53:33.453Z",
           "date_expired":null,
           "date_updated":"2021-04-05T10:53:33.454Z",
           "date_deleted":null,
           "active":false,
           "author":null,
           "edited_by":null,
           "deletable":true,
           "module":"34c3df6c-bd86-41ac-8b3b-9d380bbddfbd",
           "name":"Overview",
           "name_nl":"Overview",
           "name_en":null,
           "name_fr":null,
           "route":"overviewarticle",
           "show_nav":true
        }
     },
     {
        "model":"modules.modulepage",
        "pk":"1bdbeb6d-0bed-4700-8968-f9c54f5472cc",
        "fields":{
           "date_created":"2021-04-08T10:45:04.166Z",
           "date_published":"2021-04-08T10:45:04.166Z",
           "date_expired":null,
           "date_updated":"2021-04-08T10:45:04.166Z",
           "date_deleted":null,
           "active":false,
           "author":null,
           "edited_by":null,
           "deletable":true,
           "module":"3051dd42-193c-4838-8ed2-9218161d48fb",
           "name":"Overview config",
           "name_nl":"Overview config",
           "name_en":null,
           "name_fr":null,
           "route":"overviewmailconfig",
           "show_nav":true
        }
     },
     {
        "model":"modules.modulepage",
        "pk":"1f5d150e-0cb4-47fe-8b55-b690dd04ffa0",
        "fields":{
           "date_created":"2021-04-06T10:40:24.168Z",
           "date_published":"2021-04-06T10:40:24.168Z",
           "date_expired":null,
           "date_updated":"2021-04-06T10:40:24.168Z",
           "date_deleted":null,
           "active":false,
           "author":null,
           "edited_by":null,
           "deletable":true,
           "module":"08b5ad71-5d8a-4fc0-a54b-e39d42638aef",
           "name":"Overview",
           "name_nl":"Overview",
           "name_en":null,
           "name_fr":null,
           "route":"overviewblocks",
           "show_nav":true
        }
     },
     {
        "model":"modules.modulepage",
        "pk":"24d53998-fab1-4a89-a550-4426a39f9b15",
        "fields":{
           "date_created":"2021-04-09T08:45:56.688Z",
           "date_published":"2021-04-09T08:45:56.688Z",
           "date_expired":null,
           "date_updated":"2021-04-09T08:47:19.166Z",
           "date_deleted":"2021-04-09T08:47:19.166Z",
           "active":false,
           "author":null,
           "edited_by":null,
           "deletable":true,
           "module":"4521ec43-53d6-40e6-985a-c4935964865f",
           "name":"Add",
           "name_nl":"Add",
           "name_en":null,
           "name_fr":null,
           "route":"addform",
           "show_nav":true
        }
     },
     {
        "model":"modules.modulepage",
        "pk":"25524d41-0341-426a-9dac-410b8e6f05dd",
        "fields":{
           "date_created":"2021-04-01T10:34:03.447Z",
           "date_published":"2021-04-01T10:34:03.446Z",
           "date_expired":null,
           "date_updated":"2021-04-01T10:34:03.448Z",
           "date_deleted":null,
           "active":false,
           "author":null,
           "edited_by":null,
           "deletable":true,
           "module":"43ba865f-dc00-45b1-bb9a-8178182344f9",
           "name":"Overview",
           "name_nl":"Overview",
           "name_en":null,
           "name_fr":null,
           "route":"overviewtab",
           "show_nav":true
        }
     },
     {
        "model":"modules.modulepage",
        "pk":"30bcff1c-847d-4aae-94a2-159d359ca445",
        "fields":{
           "date_created":"2021-04-01T10:37:18.305Z",
           "date_published":"2021-04-01T10:37:18.305Z",
           "date_expired":null,
           "date_updated":"2021-04-01T10:37:18.305Z",
           "date_deleted":null,
           "active":false,
           "author":null,
           "edited_by":null,
           "deletable":true,
           "module":"ab7ba89c-64a4-4f6d-860f-4546e1e4445f",
           "name":"Overview",
           "name_nl":"Overview",
           "name_en":null,
           "name_fr":null,
           "route":"overviewuser",
           "show_nav":true
        }
     },
     {
        "model":"modules.modulepage",
        "pk":"34c6b538-1cbd-4c15-b7b2-7d9a972dc8fd",
        "fields":{
           "date_created":"2021-04-06T10:40:59.064Z",
           "date_published":"2021-04-06T10:40:59.064Z",
           "date_expired":null,
           "date_updated":"2021-04-06T10:40:59.064Z",
           "date_deleted":null,
           "active":false,
           "author":null,
           "edited_by":null,
           "deletable":true,
           "module":"08b5ad71-5d8a-4fc0-a54b-e39d42638aef",
           "name":"Add",
           "name_nl":"Add",
           "name_en":null,
           "name_fr":null,
           "route":"addblock",
           "show_nav":true
        }
     },
     {
        "model":"modules.modulepage",
        "pk":"373e82b3-dbb4-43cb-80f2-21ef7abe9fac",
        "fields":{
           "date_created":"2021-04-08T11:25:17.060Z",
           "date_published":"2021-04-08T11:25:17.060Z",
           "date_expired":null,
           "date_updated":"2021-04-08T11:25:17.107Z",
           "date_deleted":null,
           "active":false,
           "author":null,
           "edited_by":null,
           "deletable":true,
           "module":"3051dd42-193c-4838-8ed2-9218161d48fb",
           "name":"Overview templates",
           "name_nl":"Overview templates",
           "name_en":null,
           "name_fr":null,
           "route":"overviewmailtemplate",
           "show_nav":true
        }
     },
     {
        "model":"modules.modulepage",
        "pk":"3859821a-2807-4ae9-b20a-fddc508c6441",
        "fields":{
           "date_created":"2021-04-06T10:40:24.172Z",
           "date_published":"2021-04-06T10:40:24.171Z",
           "date_expired":null,
           "date_updated":"2021-04-06T10:40:47.887Z",
           "date_deleted":"2021-04-06T10:40:47.887Z",
           "active":false,
           "author":null,
           "edited_by":null,
           "deletable":true,
           "module":"08b5ad71-5d8a-4fc0-a54b-e39d42638aef",
           "name":"Add",
           "name_nl":"Add",
           "name_en":null,
           "name_fr":null,
           "route":"addblocks",
           "show_nav":true
        }
     },
     {
        "model":"modules.modulepage",
        "pk":"3c4f2b6c-d621-45fa-ac33-6b9258329a17",
        "fields":{
           "date_created":"2021-04-01T10:39:29.561Z",
           "date_published":"2021-04-01T10:39:29.560Z",
           "date_expired":null,
           "date_updated":"2021-04-01T10:39:29.561Z",
           "date_deleted":null,
           "active":false,
           "author":null,
           "edited_by":null,
           "deletable":true,
           "module":"278d4949-81dd-4855-b413-c9408c0b19e5",
           "name":"Overzicht",
           "name_nl":"Overzicht",
           "name_en":null,
           "name_fr":null,
           "route":"index-translation",
           "show_nav":true
        }
     },
     {
        "model":"modules.modulepage",
        "pk":"3f39d2c5-f8fa-4a95-9eeb-b89e2c273c9b",
        "fields":{
           "date_created":"2021-04-09T08:47:34.575Z",
           "date_published":"2021-04-09T08:47:34.575Z",
           "date_expired":null,
           "date_updated":"2021-04-09T08:47:34.635Z",
           "date_deleted":null,
           "active":false,
           "author":null,
           "edited_by":null,
           "deletable":true,
           "module":"4521ec43-53d6-40e6-985a-c4935964865f",
           "name":"Add",
           "name_nl":"Add",
           "name_en":null,
           "name_fr":null,
           "route":"addform",
           "show_nav":true
        }
     },
     {
        "model":"modules.modulepage",
        "pk":"49752bde-3994-45f4-89bb-2844d2dfbcf7",
        "fields":{
           "date_created":"2021-04-05T10:53:33.457Z",
           "date_published":"2021-04-05T10:53:33.457Z",
           "date_expired":null,
           "date_updated":"2021-04-05T10:53:33.457Z",
           "date_deleted":null,
           "active":false,
           "author":null,
           "edited_by":null,
           "deletable":true,
           "module":"34c3df6c-bd86-41ac-8b3b-9d380bbddfbd",
           "name":"Add",
           "name_nl":"Add",
           "name_en":null,
           "name_fr":null,
           "route":"addarticle",
           "show_nav":true
        }
     },
     {
        "model":"modules.modulepage",
        "pk":"5dd9d2cc-bba8-4be1-93f7-df456e0b8dcd",
        "fields":{
           "date_created":"2021-04-01T10:49:11.575Z",
           "date_published":"2021-04-01T10:49:11.575Z",
           "date_expired":null,
           "date_updated":"2021-04-01T10:49:11.575Z",
           "date_deleted":null,
           "active":false,
           "author":null,
           "edited_by":null,
           "deletable":true,
           "module":"88d1f0e1-d407-46d3-b30d-dce802bf2801",
           "name":"Overview",
           "name_nl":"Overview",
           "name_en":null,
           "name_fr":null,
           "route":"overviewimport",
           "show_nav":true
        }
     },
     {
        "model":"modules.modulepage",
        "pk":"6462efbb-2f49-42da-8c64-053722f900f8",
        "fields":{
           "date_created":"2021-04-01T10:34:47.323Z",
           "date_published":"2021-04-01T10:34:47.322Z",
           "date_expired":null,
           "date_updated":"2021-04-01T10:34:47.323Z",
           "date_deleted":null,
           "active":false,
           "author":null,
           "edited_by":null,
           "deletable":true,
           "module":"ebc78ee7-29ce-48dd-80b6-f4dfb516a641",
           "name":"Overview",
           "name_nl":"Overview",
           "name_en":null,
           "name_fr":null,
           "route":"overviewmodules",
           "show_nav":true
        }
     },
     {
        "model":"modules.modulepage",
        "pk":"78b4c30a-7c63-421c-94f2-71628e6a1435",
        "fields":{
           "date_created":"2021-04-09T08:45:56.685Z",
           "date_published":"2021-04-09T08:45:56.684Z",
           "date_expired":null,
           "date_updated":"2021-04-09T08:45:56.685Z",
           "date_deleted":null,
           "active":false,
           "author":null,
           "edited_by":null,
           "deletable":true,
           "module":"4521ec43-53d6-40e6-985a-c4935964865f",
           "name":"Overview",
           "name_nl":"Overview",
           "name_en":null,
           "name_fr":null,
           "route":"overviewform",
           "show_nav":true
        }
     },
     {
        "model":"modules.modulepage",
        "pk":"85b8abb3-0ced-4a1d-8f02-21cc2df9c7e4",
        "fields":{
           "date_created":"2021-04-01T10:45:15.820Z",
           "date_published":"2021-04-01T10:45:15.820Z",
           "date_expired":null,
           "date_updated":"2021-04-01T10:45:15.820Z",
           "date_deleted":null,
           "active":false,
           "author":null,
           "edited_by":null,
           "deletable":true,
           "module":"b9ee2aee-a60f-4b93-9d36-d2bb28d6ae9b",
           "name":"Overview",
           "name_nl":"Overview",
           "name_en":null,
           "name_fr":null,
           "route":"overviewpage",
           "show_nav":true
        }
     },
     {
        "model":"modules.modulepage",
        "pk":"8895c0e1-9a81-4107-a277-5c2cebe90d44",
        "fields":{
           "date_created":"2021-04-01T10:38:07.398Z",
           "date_published":"2021-04-01T10:38:07.398Z",
           "date_expired":null,
           "date_updated":"2021-04-01T10:38:07.399Z",
           "date_deleted":null,
           "active":false,
           "author":null,
           "edited_by":null,
           "deletable":true,
           "module":"dbebaa93-a915-4a2d-adc2-49c869a4120d",
           "name":"Overview",
           "name_nl":"Overview",
           "name_en":null,
           "name_fr":null,
           "route":"overviewgroup",
           "show_nav":true
        }
     },
     {
        "model":"modules.modulepage",
        "pk":"9e834dd3-a0ec-444f-89ad-1f359ac178ce",
        "fields":{
           "date_created":"2021-04-01T10:38:07.402Z",
           "date_published":"2021-04-01T10:38:07.402Z",
           "date_expired":null,
           "date_updated":"2021-04-01T10:38:07.402Z",
           "date_deleted":null,
           "active":false,
           "author":null,
           "edited_by":null,
           "deletable":true,
           "module":"dbebaa93-a915-4a2d-adc2-49c869a4120d",
           "name":"Add",
           "name_nl":"Add",
           "name_en":null,
           "name_fr":null,
           "route":"addgroup",
           "show_nav":true
        }
     },
     {
        "model":"modules.modulepage",
        "pk":"ad8c895f-d818-4eab-abe4-baf2fec8bd5f",
        "fields":{
           "date_created":"2021-04-01T10:34:47.328Z",
           "date_published":"2021-04-01T10:34:47.327Z",
           "date_expired":null,
           "date_updated":"2021-04-01T10:34:47.328Z",
           "date_deleted":null,
           "active":false,
           "author":null,
           "edited_by":null,
           "deletable":true,
           "module":"ebc78ee7-29ce-48dd-80b6-f4dfb516a641",
           "name":"Add",
           "name_nl":"Add",
           "name_en":null,
           "name_fr":null,
           "route":"addmodules",
           "show_nav":true
        }
     },
     {
        "model":"modules.modulepage",
        "pk":"ae2ebf09-5fcf-48a8-ae2b-182cd05b0030",
        "fields":{
           "date_created":"2021-04-02T15:16:56.882Z",
           "date_published":"2021-04-02T15:16:56.882Z",
           "date_expired":null,
           "date_updated":"2021-04-02T15:16:56.883Z",
           "date_deleted":null,
           "active":false,
           "author":null,
           "edited_by":null,
           "deletable":true,
           "module":"a47834a5-9747-4fd4-a7b6-0ed997340034",
           "name":"Overview",
           "name_nl":"Overview",
           "name_en":null,
           "name_fr":null,
           "route":"overviewdashboard",
           "show_nav":true
        }
     },
     {
        "model":"modules.modulepage",
        "pk":"b59acf3c-28a6-4cd5-868e-4c69a120a1dc",
        "fields":{
           "date_created":"2021-04-08T09:23:43.257Z",
           "date_published":"2021-04-08T09:23:43.257Z",
           "date_expired":null,
           "date_updated":"2021-04-08T09:23:43.258Z",
           "date_deleted":null,
           "active":false,
           "author":null,
           "edited_by":null,
           "deletable":true,
           "module":"e60c4322-e651-4ae4-a307-f97ddc09aa30",
           "name":"Overview",
           "name_nl":"Overview",
           "name_en":null,
           "name_fr":null,
           "route":"overviewlogs",
           "show_nav":true
        }
     },
     {
        "model":"modules.modulepage",
        "pk":"bc8a1d24-e345-4006-a61e-56594364efa8",
        "fields":{
           "date_created":"2021-04-01T10:34:03.455Z",
           "date_published":"2021-04-01T10:34:03.455Z",
           "date_expired":null,
           "date_updated":"2021-04-01T10:34:03.456Z",
           "date_deleted":null,
           "active":false,
           "author":null,
           "edited_by":null,
           "deletable":true,
           "module":"43ba865f-dc00-45b1-bb9a-8178182344f9",
           "name":"Add",
           "name_nl":"Add",
           "name_en":null,
           "name_fr":null,
           "route":"addtab",
           "show_nav":true
        }
     },
     {
        "model":"modules.modulepage",
        "pk":"caa2a684-a9f9-4655-91f9-ea2173efe8fe",
        "fields":{
           "date_created":"2021-04-01T10:46:48.818Z",
           "date_published":"2021-04-01T10:46:48.817Z",
           "date_expired":null,
           "date_updated":"2021-04-01T10:46:48.818Z",
           "date_deleted":null,
           "active":false,
           "author":null,
           "edited_by":null,
           "deletable":true,
           "module":"a33e8cb6-f237-4da5-a05a-109978ef5b1f",
           "name":"Overview",
           "name_nl":"Overview",
           "name_en":null,
           "name_fr":null,
           "route":"media-document-index",
           "show_nav":true
        }
     },
     {
        "model":"modules.modulepage",
        "pk":"cda7a864-0bd6-4f73-845b-f25027574342",
        "fields":{
           "date_created":"2021-04-01T10:37:18.308Z",
           "date_published":"2021-04-01T10:37:18.308Z",
           "date_expired":null,
           "date_updated":"2021-04-01T10:37:18.308Z",
           "date_deleted":null,
           "active":false,
           "author":null,
           "edited_by":null,
           "deletable":true,
           "module":"ab7ba89c-64a4-4f6d-860f-4546e1e4445f",
           "name":"Add",
           "name_nl":"Add",
           "name_en":null,
           "name_fr":null,
           "route":"adduser",
           "show_nav":true
        }
     },
     {
        "model":"modules.modulepage",
        "pk":"d6917404-2952-4c44-b638-1c23db8e81de",
        "fields":{
           "date_created":"2021-04-08T10:45:04.170Z",
           "date_published":"2021-04-08T10:45:04.170Z",
           "date_expired":null,
           "date_updated":"2021-04-08T11:25:00.791Z",
           "date_deleted":"2021-04-08T11:25:00.791Z",
           "active":false,
           "author":null,
           "edited_by":null,
           "deletable":true,
           "module":"3051dd42-193c-4838-8ed2-9218161d48fb",
           "name":"Overview templates",
           "name_nl":"Overview templates",
           "name_en":null,
           "name_fr":null,
           "route":"overviewmailconfig",
           "show_nav":true
        }
     },
     {
        "model":"modules.modulepage",
        "pk":"dbc007ba-75fb-47a8-ae25-d8a6c0f3832a",
        "fields":{
           "date_created":"2021-04-01T10:45:15.823Z",
           "date_published":"2021-04-01T10:45:15.823Z",
           "date_expired":null,
           "date_updated":"2021-04-01T10:45:15.824Z",
           "date_deleted":null,
           "active":false,
           "author":null,
           "edited_by":null,
           "deletable":true,
           "module":"b9ee2aee-a60f-4b93-9d36-d2bb28d6ae9b",
           "name":"Add",
           "name_nl":"Add",
           "name_en":null,
           "name_fr":null,
           "route":"addpage",
           "show_nav":true
        }
     },
     {
        "model":"modules.modulepage",
        "pk":"f1c511b1-c332-48a5-93d5-d581dca312dc",
        "fields":{
           "date_created":"2021-04-02T08:17:02.804Z",
           "date_published":"2021-04-02T08:17:02.803Z",
           "date_expired":null,
           "date_updated":"2021-04-02T08:17:02.804Z",
           "date_deleted":null,
           "active":false,
           "author":null,
           "edited_by":null,
           "deletable":true,
           "module":"1edbb876-f1e9-4f24-8fc7-2a3530c5bc02",
           "name":"Overview",
           "name_nl":"Overview",
           "name_en":null,
           "name_fr":null,
           "route":"overviewconf",
           "show_nav":true
        }
     },
     {
        "model":"modules.modulepage",
        "pk":"f90acd3d-ea5a-43b9-b621-3fd1d4ed15ee",
        "fields":{
           "date_created":"2021-04-01T10:48:32.445Z",
           "date_published":"2021-04-01T10:48:32.445Z",
           "date_expired":null,
           "date_updated":"2021-04-01T10:48:32.446Z",
           "date_deleted":null,
           "active":false,
           "author":null,
           "edited_by":null,
           "deletable":true,
           "module":"11d3a18f-681f-4d8c-9df5-a64b5989c608",
           "name":"Overview",
           "name_nl":"Overview",
           "name_en":null,
           "name_fr":null,
           "route":"overviewexport",
           "show_nav":true
        }
     }        
]
